{
    "amplitude": [0,0,-0.0048722,-0.023066,-0.055496,-0.096794,-0.14166,-0.18519,-0.22311,-0.25199,-0.26931,-0.26869,-0.24114,-0.1861,-0.11012,-0.020284,0.076186,0.17241,0.26219,0.34028,0.40258,0.44625,0.46974,0.47758,0.47902,0.47675,0.46793,0.45038,0.42265,0.38408,0.33476,0.27551,0.20778,0.13349,0.054946,-0.025322,-0.10473,-0.18073,-0.25101,-0.31349,-0.37136,-0.43182,-0.49496,-0.55507,-0.60692,-0.64609,-0.66916,-0.67381,-0.66376,-0.64744,-0.62681,-0.59846,-0.55978,-0.50912,-0.44582,-0.37018,-0.28338,-0.1874,-0.084805,0.021396,0.12795,0.23156,0.32904,0.41747,0.49433,0.5625,0.62897,0.6938,0.75136,0.79667,0.82565,0.83532,0.82386,0.79068,0.73637,0.66253,0.57172,0.47202,0.37565,0.28753,0.20641,0.13096,0.059968,-0.0075896,-0.072444,-0.135,-0.20021,-0.27627,-0.36356,-0.45596,-0.54727,-0.6316,-0.70371,-0.75924,-0.79494,-0.80873,-0.79973,-0.76825,-0.71563,-0.64415,-0.55683,-0.45722,-0.34917,-0.23668,-0.12367,-0.013795,0.089649,0.18387,0.26664,0.33633,0.39195,0.43307,0.45984,0.47288,0.4732,0.46216,0.44132,0.41238,0.37711,0.33723,0.2944,0.25012,0.20573,0.16235,0.12092,0.08213,0.046489,0.014311,-0.01425,-0.039179,-0.060571,-0.0786,-0.093493,-0.10551,-0.11491,-0.12197,-0.12691,-0.12996,-0.13129,-0.13107,-0.12941,-0.12641,-0.12216,-0.11673,-0.11019,-0.10262,-0.094099,-0.084726,-0.074614,-0.063894,-0.052714,-0.041237,-0.029728,-0.018312,-0.0071711,0.0035161,0.01358,0.022864,0.031229,0.038558,0.044761,0.04986,0.053764,0.056462,0.057968,0.058323,0.057592,0.055859,0.053226,0.049808,0.045727,0.041113,0.036097,0.030895,0.025576,0.020251,0.015024,0.0099843,0.0052115,0.0007711,-0.0032842,-0.0069145,-0.010092,-0.012801,-0.015035,-0.016797,-0.0181,-0.018961,-0.019406,-0.019462,-0.019249,-0.018749,-0.017991,-0.01701,-0.015837,-0.014507,-0.013049,-0.011496,-0.0099661,-0.0084312,-0.0069143,-0.0054359,-0.0040145,-0.0026667,-0.0014072,-0.00024841,0.00079905,0.0017267,0.0025283,0.0031994,0.0037379,0.0041434,0.0044179,0.0045649,0.0045898,0.0045877,0.0045118,0.0043674,0.0041608,0.003899,0.0035896,0.0032405,0.0028601,0.0024568,0.002039,0.0016148,0.001192,0.00086583,0.00058769,0.00035913,0.00018071,5.208e-05,-2.7984e-05,-6.1469e-05,-5.1051e-05,0],
    "time": [0,4e-09,8e-09,1.2e-08,1.6e-08,2e-08,2.4e-08,2.8e-08,3.2e-08,3.6e-08,4e-08,4.4e-08,4.8e-08,5.2e-08,5.6e-08,6e-08,6.4e-08,6.8e-08,7.2e-08,7.6e-08,8e-08,8.4e-08,8.8e-08,9.2e-08,9.6e-08,1e-07,1.04e-07,1.08e-07,1.12e-07,1.16e-07,1.2e-07,1.24e-07,1.28e-07,1.32e-07,1.36e-07,1.4e-07,1.44e-07,1.48e-07,1.52e-07,1.56e-07,1.6e-07,1.64e-07,1.68e-07,1.72e-07,1.76e-07,1.8e-07,1.84e-07,1.88e-07,1.92e-07,1.96e-07,2e-07,2.04e-07,2.08e-07,2.12e-07,2.16e-07,2.2e-07,2.24e-07,2.28e-07,2.32e-07,2.36e-07,2.4e-07,2.44e-07,2.48e-07,2.52e-07,2.56e-07,2.6e-07,2.64e-07,2.68e-07,2.72e-07,2.76e-07,2.8e-07,2.84e-07,2.88e-07,2.92e-07,2.96e-07,3e-07,3.04e-07,3.08e-07,3.12e-07,3.16e-07,3.2e-07,3.24e-07,3.28e-07,3.32e-07,3.36e-07,3.4e-07,3.44e-07,3.48e-07,3.52e-07,3.56e-07,3.6e-07,3.64e-07,3.68e-07,3.72e-07,3.76e-07,3.8e-07,3.84e-07,3.88e-07,3.92e-07,3.96e-07,4e-07,4.04e-07,4.08e-07,4.12e-07,4.16e-07,4.2e-07,4.24e-07,4.28e-07,4.32e-07,4.36e-07,4.4e-07,4.44e-07,4.48e-07,4.52e-07,4.56e-07,4.6e-07,4.64e-07,4.68e-07,4.72e-07,4.76e-07,4.8e-07,4.84e-07,4.88e-07,4.92e-07,4.96e-07,5e-07,5.04e-07,5.08e-07,5.12e-07,5.16e-07,5.2e-07,5.24e-07,5.28e-07,5.32e-07,5.36e-07,5.4e-07,5.44e-07,5.48e-07,5.52e-07,5.56e-07,5.6e-07,5.64e-07,5.68e-07,5.72e-07,5.76e-07,5.8e-07,5.84e-07,5.88e-07,5.92e-07,5.96e-07,6e-07,6.04e-07,6.08e-07,6.12e-07,6.16e-07,6.2e-07,6.24e-07,6.28e-07,6.32e-07,6.36e-07,6.4e-07,6.44e-07,6.48e-07,6.52e-07,6.56e-07,6.6e-07,6.64e-07,6.68e-07,6.72e-07,6.76e-07,6.8e-07,6.84e-07,6.88e-07,6.92e-07,6.96e-07,7e-07,7.04e-07,7.08e-07,7.12e-07,7.16e-07,7.2e-07,7.24e-07,7.28e-07,7.32e-07,7.36e-07,7.4e-07,7.44e-07,7.48e-07,7.52e-07,7.56e-07,7.6e-07,7.64e-07,7.68e-07,7.72e-07,7.76e-07,7.8e-07,7.84e-07,7.88e-07,7.92e-07,7.96e-07,8e-07,8.04e-07,8.08e-07,8.12e-07,8.16e-07,8.2e-07,8.24e-07,8.28e-07,8.32e-07,8.36e-07,8.4e-07,8.44e-07,8.48e-07,8.52e-07,8.56e-07,8.6e-07,8.64e-07,8.68e-07,8.72e-07,8.76e-07,8.8e-07,8.84e-07,8.88e-07,8.92e-07,8.96e-07,9e-07,9.04e-07,9.08e-07,9.12e-07,9.16e-07,9.2e-07,9.24e-07,9.28e-07,9.32e-07,9.36e-07,9.4e-07]
}